https://store.flightsim.com/product/ag-sim-biel-kappelen-airfield-lszp-for-x-plane-11/	AG Sim – Biel Kappelen Airfield LSZP for MSFS 2020	9.99
https://store.flightsim.com/product/ag-sim-fricktal-schupfart-airfield-lszi-switzerland/	AG Sim – Fricktal – Schupfart Airfield LSZI – Switzerland	9.99
https://store.flightsim.com/product/ag-sim-hohenems-dornbirn-airfield-loih-austria/	AG Sim – Hohenems Dornbirn Airfield LOIH – Austria	9.99
https://store.flightsim.com/product/ag-sim-mollis-airfield-lszm-lsmf-for-msfs-2020/	AG Sim – Mollis Airfield LSZM LSMF for MSFS 2020	9.99
https://store.flightsim.com/product/ag-sim-santa-monica-airport-ksmo-for-msfs/	AG Sim – Santa Monica Airport KSMO For MSFS	14.49
https://store.flightsim.com/product/ag-sim-varna-airport-lbwn-msfs/	AG Sim – Varna Airport LBWN MSFS	14.99
https://store.flightsim.com/product/ag-sim-wangen-lachen-lspv-airfield-for-msfs/	AG Sim – Wangen-Lachen LSPV Airfield for MSFS	9.99
https://store.flightsim.com/product/alkee-creations-vept-patna-airport-msfs/	Alkee Creations – VEPT Patna Airport MSFS	16.47
https://store.flightsim.com/product/arima-simulation-epkt-katowice-intl-airport-for-msfs/	Arima Simulation – EPKT Katowice Int’l Airport for MSFS	14.99
https://store.flightsim.com/product/arima-simulation-erfurt-weimar-airport-edde-for-msfs/	Arima Simulation – Erfurt–Weimar Airport – EDDE for MSFS	14.99
https://store.flightsim.com/product/centralsim-aeroparque-jorge-newbery-buenos-aires-sabe-for-msfs/	CentralSim – Aeroparque Jorge Newbery – Buenos Aires – SABE for MSFS	14.49
https://store.flightsim.com/product/centralsim-aeroparque-jorge-newbery-sabe-for-msfs/	CentralSim – Aeroparque Jorge Newbery – SABE for MSFS	13.50
https://store.flightsim.com/product/centralsim-aguadilla-international-airport-tjbq-for-msfs/	CentralSim – Aguadilla International Airport – TJBQ for MSFS	13.50
https://store.flightsim.com/product/centralsim-panama-pacifico-intl-airport-mppa-for-msfs/	CentralSim – Panamá Pacífico Intl Airport – MPPA for MSFS	15.10
https://store.flightsim.com/product/dc-scenery-design-fa54-coral-creek-airport-msfs/	DC Scenery Design – FA54 Coral Creek Airport MSFS	6.00
https://store.flightsim.com/product/dc-scenery-design-kcdw-essex-county-airport-nj/	DC Scenery Design – KCDW – Essex County Airport NJ	15.00
https://store.flightsim.com/product/dc-scenery-design-kcut-custer-county-south-dakota/	DC Scenery Design – KCUT – Custer County South Dakota	10.00
https://store.flightsim.com/product/dc-scenery-design-ktbr-statesboro-bulloch-county-airport-ga-for-msfs/	DC Scenery Design – KTBR – Statesboro–Bulloch County Airport, GA for MSFS	12.00
https://store.flightsim.com/product/dc-scenery-design-pacv-merle-k-mudhole-smith-cordova-alaska/	DC Scenery Design – PACV – Merle K. (Mudhole) Smith – Cordova Alaska	10.00
https://store.flightsim.com/product/dc-scenery-design-pakw-klawock-airport-alaska/	DC Scenery Design – PAKW – Klawock Airport Alaska	10.00
https://store.flightsim.com/product/dc-scenery-design-papg-petersburg-james-a-johnson-airport-alaska/	DC Scenery Design – PAPG – Petersburg James A. Johnson Airport Alaska	12.00
https://store.flightsim.com/product/dc-scenery-design-pakg-wrangell-airport-alaska/	DC Scenery Design – PAWG – Wrangell Airport Alaska	10.00
https://store.flightsim.com/product/dc-scenery-design-s20-goldendale-municipal-airport/	DC Scenery Design – S20 – Goldendale Municipal Airport	10.00
https://store.flightsim.com/product/dc-scenery-design-snpj-patrocinio-brazil-for-x-msfs/	DC Scenery Design – SNPJ – Patrocinio Brazil for MSFS	7.00
https://store.flightsim.com/product/dc-scenery-design-x06-arcadia-municipal-airport-florida/	DC Scenery Design – X06 – Arcadia Municipal Airport Florida	10.00
https://store.flightsim.com/product/dominic-design-team-buon-ma-thuot-airport-vvbm-for-msfs/	Dominic Design Team – Buon Ma Thuot Airport VVBM for MSFS	14.16
https://store.flightsim.com/product/dominic-design-team-chubu-centrair-international-airport-rjgg-for-msfs/	Dominic Design Team – Chubu Centrair International Airport-RJGG for MSFS	22.00
https://store.flightsim.com/product/dominic-design-team-tan-son-nhat-international-airport-vvts-for-msfs/	Dominic Design Team – Tân Sơn Nhất International Airport-VVTS for MSFS	18.50
https://store.flightsim.com/product/king-fahd-international-airport-for-msfs/	Dominic Design Team – King Fahd International Airport for MSFS	20.13
https://store.flightsim.com/product/drzewiecki-design-epby-bydgoszcz-airport-msfs/	Drzewiecki Design – EPBY Bydgoszcz Airport MSFS	5.00
https://store.flightsim.com/product/drzewiecki-design-epkk-krakow-for-msfs/	Drzewiecki Design – EPKK Krakow for MSFS	11.99
https://store.flightsim.com/product/drzewiecki-design-eplb-lublin-for-msfs/	Drzewiecki Design – EPLB Lublin for MSFS	5.00
https://store.flightsim.com/product/drzewiecki-design-epmo-warsaw-modlin-for-msfs/	Drzewiecki Design – EPMO Warsaw Modlin for MSFS	€8.70
https://store.flightsim.com/product/drzewiecki-design-epsy-olsztyn-mazury-for-msfs/	Drzewiecki Design – EPSY Olsztyn-Mazury for MSFS	5.00
https://store.flightsim.com/product/drzewiecki-design-epzg-zielona-gora-msfs/	Drzewiecki Design – EPZG Zielona Gora MSFS	5.00
https://store.flightsim.com/product/drzewiecki-design-kdca-washington-national-for-msfs/	Drzewiecki Design – KDCA Washington National for MSFS	8.99
https://store.flightsim.com/product/drzewiecki-design-kmdw-chicago-midway-msfs/	Drzewiecki Design – KMDW Chicago Midway MSFS	10.00
https://store.flightsim.com/product/drzewiecki-design-krnt-renton-msfs/	Drzewiecki Design – KRNT Renton MSFS	10.00
https://store.flightsim.com/product/drzewiecki-design-rjaa-tokyo-narita-for-msfs/	Drzewiecki Design – RJAA Tokyo Narita for MSFS	12.00
https://store.flightsim.com/product/drzewiecki-design-uuee-moscow-sheremetyevo-for-msfs/	Drzewiecki Design – UUEE Moscow Sheremetyevo for MSFS	12.00
https://store.flightsim.com/product/eb-cenarios-aracaju-intl-airport-sbar-for-msfs-2020/	EB Cenarios – Aracaju Int’l Airport SBAR for MSFS 2020	5.00
https://store.flightsim.com/product/emerald-scenery-design-chunilna-cabin-strip-for-msfs/	Emerald Scenery Design – Chunilna Cabin Strip For MSFS	9.99
https://store.flightsim.com/product/feelthere-eddf-frankfurt-airport-for-msfs-2020/	FeelThere – EDDF – Frankfurt Airport For MSFS 2020	11.99
https://store.flightsim.com/product/feelthere-edds-stuttgart-airport-for-msfs-2020/	FeelThere – EDDS – Stuttgart Airport For MSFS 2020	19.99
https://store.flightsim.com/product/feelthere-klas-las-vegas-airport-for-msfs-2020/	FeelThere – KLAS – Las Vegas Airport For MSFS 2020	16.99
https://store.flightsim.com/product/feelthere-klax-los-angeles-airport-for-msfs/	FeelThere – KLAX – Los Angeles Airport For MSFS	9.99
https://store.flightsim.com/product/feelthere-klga-la-guardia-airport-for-msfs-2020/	FeelThere – KLGA – La Guardia Airport For MSFS 2020	14.99
https://store.flightsim.com/product/feelthere-krdu-raleigh-durham-airport-for-msfs-2020/	FeelThere – KRDU – Raleigh Durham Airport for MSFS 2020	19.99
https://store.flightsim.com/product/feelthere-omdb-dubai-airport-for-msfs-2020/	FeelThere – OMDB – Dubai Airport For MSFS 2020	24.99
https://store.flightsim.com/product/feelthere-tist-cyril-e-king-airport-st-thomas-for-msfs-2020/	FeelThere – TIST – Cyril E. King Airport St. Thomas For MSFS 2020	19.99
https://store.flightsim.com/product/final-approach-simulations-caribbean-airports-trinidad-tobago-and-grenada-for-msfs/	Final Approach Simulations – Caribbean Airports: Trinidad, Tobago, and Grenada for MSFS	15.89
https://store.flightsim.com/product/final-approach-simulations-kewr-newark-liberty-international-for-msfs/	Final Approach Simulations – KEWR Newark Liberty International for MSFS	17.99
https://store.flightsim.com/product/final-approach-simulations-mbpv-providenciales-intl-for-msfs/	Final Approach Simulations – MBPV Providenciales Int’l for MSFS	12.89
https://store.flightsim.com/product/final-approach-simulations-tbpb-barbados-grantley-adams-international-msfs/	Final Approach Simulations – TBPB Barbados Grantley Adams International MSFS	13.99
https://store.flightsim.com/product/geardown-simulations-governador-valadares-airport-gvr-sbgv-for-msfs/	GearDown Simulations – Governador Valadares Airport (GVR/SBGV) for MSFS	5.99
https://store.flightsim.com/product/just-flight-santa-paula-airport-kszp-for-msfs/	Just Flight – Santa Paula Airport KSZP for MSFS	12.75
https://store.flightsim.com/product/just-flight-sc-designs-blackbushe-eglk-for-msfs/	Just Flight – SC Designs – Blackbushe – EGLK for MSFS	19.99
https://store.flightsim.com/product/kstorm-computing-float-plane-scenery-pack-1/	KStorm Computing – Float Plane Scenery Pack 1	10.00
https://store.flightsim.com/product/landing-area-scenery-design-kjzp-pickens-county-airport-for-msfs/	Landing Area Scenery Design – KJZP – Pickens County Airport for MSFS	8.00
https://store.flightsim.com/product/ln-design-eglk-blackbushe-airport-for-msfs/	LN Design – EGLK Blackbushe Airport for MSFS	11.92
https://store.flightsim.com/product/ln-design-kavik-river-camp-airstrip-rk-1-for-msfs/	LN Design – Kavik River Camp Airstrip RK-1 for MSFS	9.53
https://store.flightsim.com/product/msfscenerybuilders-fxmm-moshoeshoe-i-international-airport-msfs/	MSFScenerybuilders – FXMM Moshoeshoe I International Airport MSFS	8.45
https://store.flightsim.com/product/msfscenerybuilders-gmmi-airport-essaouira-mukador-msfs/	MSFScenerybuilders – GMMI Airport Essaouira Mukador MSFS	8.45
https://store.flightsim.com/product/msfscenerybuilders-gqno-nouakchott-new-international-airport-msfs/	MSFScenerybuilders – GQNO Nouakchott New International Airport MSFS	9.10
https://store.flightsim.com/product/msfscenerybuilders-heax-alexandria-el-nouzha-airport-msfs/	MSFScenerybuilders – HEAX Alexandria El Nouzha Airport MSFS	8.45
https://store.flightsim.com/product/msfscenerybuilders-hesn-aswan-international-airport-msfs/	MSFScenerybuilders – HESN Aswan International Airport MSFS	8.45
https://store.flightsim.com/product/msfscenerybuilders-kabe-lehigh-valley-allentown-airport-msfs/	MSFScenerybuilders – KABE Lehigh Valley-Allentown Airport MSFS	8.45
https://store.flightsim.com/product/msfscenerybuilders-kaby-southwest-georgia-regional-airport-msfs/	MSFScenerybuilders – KABY Southwest Georgia Regional Airport MSFS	8.45
https://store.flightsim.com/product/msfscenerybuilders-kacy-atlantic-city-international-airport-msfs/	MSFScenerybuilders – KACY Atlantic City International Airport MSFS	8.45
https://store.flightsim.com/product/msfscenerybuilders-kalb-albany-international-airport-msfs/	MSFScenerybuilders – KALB Albany International Airport MSFS	8.45
https://store.flightsim.com/product/msfscenerybuilders-kalo-waterloo-regional-airport-msfs/	MSFScenerybuilders – KALO Waterloo Regional Airport MSFS	8.45
https://store.flightsim.com/product/msfscenerybuilders-kaoo-altoona-blair-county-airport-msfs/	MSFScenerybuilders – KAOO Altoona Blair County Airport MSFS	8.45
https://store.flightsim.com/product/msfscenerybuilders-kavp-wilkes-barre-scranton-international-airport-msfs/	MSFScenerybuilders – KAVP Wilkes Barre – Scranton International Airport MSFS	8.45
https://store.flightsim.com/product/msfscenerybuilders-kbgr-bangor-international-airport-msfs/	MSFScenerybuilders – KBGR Bangor International Airport MSFS	8.45
https://store.flightsim.com/product/msfscenerybuilders-kbil-billings-logan-international-airport-msfs/	MSFScenerybuilders – KBIL Billings Logan International Airport MSFS	8.45
https://store.flightsim.com/product/msfscenerybuilders-kbis-bismarck-international-airport-msfs/	MSFScenerybuilders – KBIS Bismarck International Airport MSFS	8.45
https://store.flightsim.com/product/msfscenerybuilders-kbmi-central-illinois-regional-airport-msfs/	MSFScenerybuilders – KBMI Central Illinois Regional Airport MSFS	8.45
https://store.flightsim.com/product/msfscenerybuilders-kboi-boise-air-terminal-gowen-field-msfs/	MSFScenerybuilders – KBOI Boise Air Terminal-Gowen Field MSFS	9.10
https://store.flightsim.com/product/msfscenerybuilders-kbtv-burlington-international-msfs/	MSFScenerybuilders – KBTV Burlington International MSFS	8.45
https://store.flightsim.com/product/msfscenerybuilders-kcae-columbia-metropolitan-airport-msfs/	MSFScenerybuilders – KCAE Columbia Metropolitan Airport MSFS	9.10
https://store.flightsim.com/product/msfscenerybuilders-kcid-the-eastern-iowa-airport-msfs/	MSFScenerybuilders – KCID The Eastern Iowa Airport MSFS	8.45
https://store.flightsim.com/product/msfscenerybuilders-kcos-city-of-colorado-springs-municipal-airport-msfs/	MSFScenerybuilders – KCOS – City of Colorado Springs Municipal Airport MSFS	8.45
https://store.flightsim.com/product/msfscenerybuilders-kdec-decatur-municipal-airport-msfs/	MSFScenerybuilders – KDEC Decatur Municipal Airport MSFS	7.15
https://store.flightsim.com/product/msfscenerybuilders-kdet-detroit-downtown-msfs/	MSFScenerybuilders – KDET Detroit Downtown MSFS	7.80
https://store.flightsim.com/product/msfscenerybuilders-kdlh-duluth-international-airport-msfs/	MSFScenerybuilders – KDLH Duluth International Airport MSFS	9.10
https://store.flightsim.com/product/msfscenerybuilders-kdsm-des-moines-iowa-msfs/	MSFScenerybuilders – KDSM Des Moines Iowa MSFS	8.45
https://store.flightsim.com/product/msfscenerybuilders-kecp-northwest-florida-beaches-international-airport-msfs/	MSFScenerybuilders – KECP Northwest Florida Beaches International Airport MSFS	8.45
https://store.flightsim.com/product/msfscenerybuilders-kewn-craven-county-regional-airport-msfs/	MSFScenerybuilders – KEWN Craven County Regional Airport MSFS	8.45
https://store.flightsim.com/product/msfscenerybuilders-kgfk-grand-forks-nd-msfs/	MSFScenerybuilders – KGFK Grand Forks ND MSFS	8.45
https://store.flightsim.com/product/msfscenerybuilders-kgon-groton-new-london-airport-msfs/	MSFScenerybuilders – KGON Groton New London Airport MSFS	8.45
https://store.flightsim.com/product/msfscenerybuilders-kgso-piedmont-triad-intl-airport-msfs/	MSFScenerybuilders – KGSO Piedmont Triad Int’l Airport MSFS	9.75
https://store.flightsim.com/product/msfscenerybuilders-khfd-hartford-brainard-airport-msfs/	MSFScenerybuilders – KHFD Hartford Brainard Airport MSFS	8.45
https://store.flightsim.com/product/msfscenerybuilders-khpn-westchester-county-airport-msfs/	MSFScenerybuilders – KHPN Westchester County Airport MSFS	8.45
https://store.flightsim.com/product/msfscenerybuilders-khsv-huntsville-international-airport-msfs/	MSFScenerybuilders – KHSV Huntsville International Airport MSFS	8.45
https://store.flightsim.com/product/msfscenerybuilders-khya-barnstable-municipal-airport-msfs/	MSFScenerybuilders – KHYA Barnstable Municipal Airport MSFS	8.45
https://store.flightsim.com/product/msfscenerybuilders-kisp-long-island-macarthur-airport-msfs/	MSFScenerybuilders – KISP Long Island MacArthur Airport MSFS	8.45
https://store.flightsim.com/product/msfscenerybuilders-klpr-lorain-county-regional-msfs/	MSFScenerybuilders – KLPR Lorain County Regional MSFS	6.50
https://store.flightsim.com/product/msfscenerybuilders-kmob-mobile-regional-airport-msfs/	MSFScenerybuilders – KMOB Mobile Regional Airport MSFS	9.10
https://store.flightsim.com/product/msfscenerybuilders-kmot-minot-international-airport-msfs/	MSFScenerybuilders – KMOT Minot International Airport MSFS	7.80
https://store.flightsim.com/product/msfscenerybuilders-koak-metropolitan-oakland-international-airport-msfs/	MSFScenerybuilders – KOAK Metropolitan Oakland International Airport MSFS	9.10
https://store.flightsim.com/product/msfscenerybuilders-kokc-will-rogers-world-airport-msfs/	MSFScenerybuilders – KOKC Will Rogers World Airport MSFS	9.10
https://store.flightsim.com/product/msfscenerybuilders-kpir-pierre-regional-airport-msfs/	MSFScenerybuilders – KPIR-Pierre Regional Airport MSFS	8.45
https://store.flightsim.com/product/msfscenerybuilders-kric-richmond-international-airport-msfs/	MSFScenerybuilders – KRIC Richmond International Airport MSFS	9.10
https://store.flightsim.com/product/msfscenerybuilders-kroc-greater-rochester-airport-msfs/	MSFScenerybuilders – KROC Greater Rochester Airport MSFS	9.10
https://store.flightsim.com/product/msfscenerybuilders-kshd-shenandoah-valley-regional-airport-msfs/	MSFScenerybuilders – KSHD Shenandoah Valley Regional Airport MSFS	8.45
https://store.flightsim.com/product/msfscenerybuilders-kshv-shreverport-regional-airport-msfs/	MSFScenerybuilders – KSHV Shreverport regional airport MSFS	9.10
https://store.flightsim.com/product/msfscenerybuilders-ktri-tri-cities-regional-airport-msfs/	MSFScenerybuilders – KTRI Tri-Cities Regional Airport MSFS	8.45
https://store.flightsim.com/product/msfscenerybuilders-ktwf-joslin-field-magic-valley-airport-msfs/	MSFScenerybuilders – KTWF Joslin Field Magic Valley Airport MSFS	8.45
https://store.flightsim.com/product/msfscenerybuilders-ktys-mcghee-tyson-intl-airport-msfs/	MSFScenerybuilders – KTYS McGhee Tyson Int’l Airport MSFS	9.10
https://store.flightsim.com/product/msfscenerybuilders-kyng-youngstown-warren-regional-airport-msfs/	MSFScenerybuilders – KYNG Youngstown-Warren Regional Airport MSFS	8.45
https://store.flightsim.com/product/msfscenerybuilders-mzbz-philip-s-w-goldson-intl-airport-msfs/	MSFScenerybuilders – MZBZ Philip S.W. Goldson Int’l Airport MSFS	8.45
https://store.flightsim.com/product/msx-creations-ykat-katoomba-for-msfs-2020/	MSX Creations – YKAT Katoomba For MSFS 2020	5.90
https://store.flightsim.com/product/neils-tours-helipads-for-msfs-volume-1/	Neil’s Tours – Helipads for MSFS Volume 1	9.99
https://store.flightsim.com/product/neils-tours-helipads-for-msfs-volume-2/	Neil’s Tours – Helipads for MSFS Volume 2	9.99
https://store.flightsim.com/product/neils-tours-irish-strips-compilation-for-msfs/	Neil’s Tours – Ireland Airfields for MSFS	23.99
https://store.flightsim.com/product/neils-tours-lake-district-safari-for-msfs-2020/	Neil’s Tours – Lake District Safari for MSFS 2020	9.99
https://store.flightsim.com/product/neils-tours-uk-farm-strips-vol-14-for-msfs/	Neil’s Tours – UK Farm Strips – Vol 14 for MSFS	0.00
https://store.flightsim.com/product/neils-tours-uk-farm-strips-vol-15-for-msfs-copy/	Neil’s Tours – UK Farm Strips – Vol 15 for MSFS	0.00
https://store.flightsim.com/product/neils-tours-uk-farm-strips-vol-16-for-msfs/	Neil’s Tours – UK Farm Strips – Vol 16 for MSFS	9.99
https://store.flightsim.com/product/neils-tours-uk-farm-strips-vol-17-for-msfs/	Neil’s Tours – UK Farm Strips – Vol 17 for MSFS	9.99
https://store.flightsim.com/product/neils-tours-uk-farm-strips-compilation-2-for-msfs/	Neil’s Tours – UK Farm Strips Compilation 2 for MSFS	9.99
https://store.flightsim.com/product/neils-tours-uk-farm-strips-compilation-for-msfs/	Neil’s Tours – UK Farm Strips Compilation for MSFS	9.99
https://store.flightsim.com/product/neils-tours-wainwrights-week-for-msfs/	Neil’s Tours – Wainwright’s Week for MSFS	9.99
https://store.flightsim.com/product/neils-tours-westwood-walks-vol-1-for-msfs-2020/	Neil’s Tours – Westwood Walks Vol 1 for MSFS 2020	9.99
https://store.flightsim.com/product/neils-tours-westwood-walks-vol-2-for-msfs-2020/	Neil’s Tours – Westwood Walks Vol 2 for MSFS 2020	9.99
https://store.flightsim.com/product/neils-tours-westwood-walks-vol-3-for-msfs-2020/	Neil’s Tours – Westwood Walks Vol 3 for MSFS 2020	9.99
https://store.flightsim.com/product/neils-tours-westwood-walks-vol-4-for-msfs-2020/	Neil’s Tours – Westwood Walks Vol 4 for MSFS 2020	9.99
https://store.flightsim.com/product/neils-tours-uk-farm-strips-vol-1-4-bundle-for-msfs/	Neil’s Tours – UK Farm Strips Vol. 1-4 Bundle for MSFS	9.99
https://store.flightsim.com/product/neils-tours-uk-farm-strips-vol-5-8-bundle-for-msfs/	Neil’s Tours – UK Farm Strips Vol. 5-8 Bundle for MSFS	9.99
https://store.flightsim.com/product/neils-tours-uk-farm-strips-vol-9-12-bundle-for-msfs/	Neil’s Tours – UK Farm Strips Vol. 9-12 Bundle for MSFS	9.99
https://store.flightsim.com/product/pearl-simulations-aggn-ghizo-nusatupe-airstrip-for-msfs/	Pearl Simulations – AGGN – Ghizo Nusatupe Airstrip for MSFS	11.99
https://store.flightsim.com/product/pearl-simulations-bgmq-maniitsoq-airport-for-msfs/	Pearl Simulations – BGMQ – Maniitsoq Airport for MSFS	10.00
https://store.flightsim.com/product/pearl-simulations-fakn-kruger-mpumalanga-airport-msfs/	Pearl Simulations – FAKN – Kruger Mpumalanga Airport MSFS	19.99
https://store.flightsim.com/product/pearl-simulations-phto-hilo-intl-airport-for-msfs/	Pearl Simulations – PHTO – Hilo Int’l Airport for MSFS	15.00
https://store.flightsim.com/product/pearl-simulations-x01-everglades-airpark-for-msfs/	Pearl Simulations – X01 Everglades Airpark for MSFS	7.99
https://store.flightsim.com/product/perfect-flight-discovery-flights-alaska-for-msfs/	Perfect Flight – Discovery Flights – Alaska for MSFS	11.99
https://store.flightsim.com/product/perfect-flight-flying-japan-for-msfs/	Perfect Flight – Flying Japan for MSFS	14.99
https://store.flightsim.com/product/perfect-flight-greece-scenic-tour-for-msfs/	Perfect Flight – Greece Scenic Tour for MSFS	11.95
https://store.flightsim.com/product/perfect-flight-the-andes-for-msfs/	Perfect Flight – The Andes for MSFS	11.95
https://store.flightsim.com/product/pilot-experience-sim-biarritz-lfbz-for-msfs/	Pilot Experience Sim – Biarritz LFBZ For MSFS	14.27
https://store.flightsim.com/product/prealsoft-casablanca-city-landmarks-for-msfs/	PrealSoft – Casablanca City Landmarks for MSFS	11.49
https://store.flightsim.com/product/prealsoft-gmmn-casablanca-airport-for-msfs/	PrealSoft – GMMN Casablanca Airport for MSFS	15.60
https://store.flightsim.com/product/realworld-scenery-kodiak-alaska-padq-for-msfs/	Realworld Scenery – Kodiak Alaska PADQ for MSFS	14.50
https://store.flightsim.com/product/realworld-scenery-nome-alaska-paom-for-msfs/	Realworld Scenery – Nome Alaska PAOM for MSFS	14.00
https://store.flightsim.com/product/realworld-scenery-st-louis-lambert-kstl-for-msfs/	Realworld Scenery – St. Louis Lambert KSTL for MSFS	18.25
https://store.flightsim.com/product/realworld-scenery-unalakleet-alaska-paun-for-msfs/	Realworld Scenery – Unalakleet Alaska PAUN for MSFS	15.00
https://store.flightsim.com/product/rolling-cumulus-abandoned-airports-chapter-1-msfs/	Rolling Cumulus – Abandoned Airports Chapter 1 MSFS	14.00
https://store.flightsim.com/product/rolling-cumulus-abandoned-airports-chapter-2-australia-msfs/	Rolling Cumulus – Abandoned Airports Chapter 2 – Australia MSFS	14.00
https://store.flightsim.com/product/rolling-cumulus-abandoned-airports-chapter-3-canada-msfs/	Rolling Cumulus – Abandoned Airports Chapter 3 – Canada MSFS	14.00
https://store.flightsim.com/product/rolling-cumulus-abandoned-airports-chapter-4-usa-msfs/	Rolling Cumulus – Abandoned Airports Chapter 4 – USA MSFS	14.00
https://store.flightsim.com/product/rolling-cumulus-bhutan-bush-flights-and-airfields-for-msfs/	Rolling Cumulus – Bhutan Bush Flights and Airfields for MSFS	12.50
https://store.flightsim.com/product/rolling-cumulus-bush-airstrips-episode-3-msfs/	Rolling Cumulus – Bush Airstrips Episode 3 MSFS	15.00
https://store.flightsim.com/product/rolling-cumulus-bush-airstrips-episode-4-msfs/	Rolling Cumulus – Bush Airstrips Episode 4 MSFS	12.00
https://store.flightsim.com/product/rolling-cumulus-bush-airstrips-episode-5-msfs/	Rolling Cumulus – Bush Airstrips Episode 5 MSFS	10.99
https://store.flightsim.com/product/rolling-cumulus-deep-jungle-and-long-rivers/	Rolling Cumulus – Deep Jungle and Long Rivers	12.50
https://store.flightsim.com/product/rolling-cumulus-equators-queen-flying-in-ecuadors-deepest-jungles-msfs/	Rolling Cumulus – Equator’s Queen – Flying in Ecuador’s Deepest Jungles – MSFS	14.00
https://store.flightsim.com/product/rolling-cumulus-flying-to-12-congo-lodges-msfs/	Rolling Cumulus – Flying to 12 Congo Lodges – MSFS	15.00
https://store.flightsim.com/product/rolling-cumulus-four-extreme-bush-trips/	Rolling Cumulus – Four Extreme Bush Trips	13.50
https://store.flightsim.com/product/rolling-cumulus-jeff-masters-where-is-lina-leylan/	Rolling Cumulus – Jeff Masters – Where is Lina Leylan	10.00
https://store.flightsim.com/product/rolling-cumulus-msfs-flight-dispatcher-adventures/	Rolling Cumulus – MSFS Flight Dispatcher Adventures	12.00
https://store.flightsim.com/product/rolling-cumulus-real-vfr-with-6-abandoned-airfields-for-msfs/	Rolling Cumulus – Real VFR with 6 Abandoned Airfields for MSFS	12.00
https://store.flightsim.com/product/rolling-cumulus-the-colossal-mines-of-peru-msfs/	Rolling Cumulus – The Colossal Mines Of Peru MSFS	14.00
https://store.flightsim.com/product/rolling-cumulus-unknown-airports-peru-msfs/	Rolling Cumulus – Unknown Airports Peru MSFS	8.00
https://store.flightsim.com/product/rolling-cumulus-wings-over-the-pacific-msfs/	Rolling Cumulus – Wings Over The Pacific MSFS	13.00
https://store.flightsim.com/product/s-design-vrmm-male-for-msfs-2020/	S-Design – VRMM Male For MSFS 2020	16.00
https://store.flightsim.com/product/samscene3d-hong-kong-city-times-for-msfs/	SamScene3D – Hong Kong City Times For MSFS	20.99
https://store.flightsim.com/product/samscene3d-shanghai-city-times-for-msfs/	SamScene3D – Shanghai City Times For MSFS	15.90
https://store.flightsim.com/product/sierrasim-simulation-ksyr-syracuse-hancock-intl-airport-for-msfs/	Sierrasim Simulation – KSYR Syracuse Hancock Intl Airport for MSFS	14.60
https://store.flightsim.com/product/sierrasim-simulation-mggt-la-aurora-international-airport-for-msfs/	Sierrasim Simulation – MGGT La Aurora International Airport for MSFS	14.99
https://store.flightsim.com/product/sierrasim-simulation-mhlm-la-mesa-intl-airport-for-msfs/	Sierrasim Simulation – MHLM La Mesa Int’l Airport for MSFS	12.00
https://store.flightsim.com/product/sierrasim-simulation-mnmg-augusto-sandino-intl-airport-for-msfs/	Sierrasim Simulation – MNMG Augusto Sandino Intl Airport for MSFS	16.80
https://store.flightsim.com/product/sierrasim-simulation-segu-jose-joaquin-de-olmedo-international-airport-for-msfs/	Sierrasim Simulation – SEGU José Joaquín de Olmedo International Airport for MSFS	14.10
https://store.flightsim.com/product/sierrasim-simulation-skbg-palonegro-international-for-msfs/	Sierrasim Simulation – SKBG Palonegro International for MSFS	14.10
https://store.flightsim.com/product/sierrasim-simulation-skcc-camilo-daza-intl-airport-for-msfs/	Sierrasim Simulation – SKCC-Camilo-Daza-Intl-Airport for MSFS	16.80
https://store.flightsim.com/product/sierrasim-simulation-sklm-jorge-isaacs-airport-la-mina-for-msfs/	Sierrasim Simulation – SKLM Jorge Isaacs Airport – La Mina for MSFS	5.99
https://store.flightsim.com/product/sierrasim-simulation-skmd-olaya-herrera-airport-for-msfs/	Sierrasim Simulation – SKMD Olaya Herrera Airport for MSFS	11.99
https://store.flightsim.com/product/sierrasim-simulation-skmz-la-nubia-airport-for-msfs/	Sierrasim Simulation – SKMZ La Nubia Airport for MSFS	12.90
https://store.flightsim.com/product/sierrasim-simulation-skps-antonio-narino-airport-pasto-for-msfs/	Sierrasim Simulation – SKPS Antonio Narino Airport – Pasto for MSFS	15.35
https://store.flightsim.com/product/sierrasim-simulation-slal-alcantari-international-airport-for-msfs/	Sierrasim Simulation – SLAL Alcantarí International Airport for MSFS	10.99
https://store.flightsim.com/product/sierrasim-simulation-slal-alcantari-international-airport-for-p3d-v4-v5/	Sierrasim Simulation – SLAL Alcantarí International Airport for P3D v4/v5	10.00
https://store.flightsim.com/product/simsoft-beirut-rafic-hariri-airport-scenery-for-msfs-2020/	SimSoft – Beirut Rafic Hariri Airport Scenery for MSFS 2020	11.99
https://store.flightsim.com/product/simsoft-cork-airport-for-msfs-2020/	SimSoft – Cork Airport For MSFS 2020	9.99
https://store.flightsim.com/product/simsoft-husavik-airport-scenery-for-msfs-2020/	SimSoft – Húsavík Airport Scenery for MSFS 2020	7.99
https://store.flightsim.com/product/simsoft-mohamed-boudiaf-international-airport/	SimSoft – Mohamed Boudiaf International Airport	9.99
https://store.flightsim.com/product/simsoft-punta-gorda-scenery-for-msfs-2020/	SimSoft – Punta Gorda Scenery for MSFS 2020	10.99
https://store.flightsim.com/product/simworks-studios-kodiak-okavanga-delta-bundle/	Simworks Studios – Kodiak / Okavango Delta Bundle	29.99
https://store.flightsim.com/product/simworks-studios-maia-vilar-de-luz-airport-for-msfs/	Simworks Studios – Maia – Vilar de Luz Airport for MSFS	16.99
https://store.flightsim.com/product/simworks-studios-okavango-delta-for-msfs/	Simworks Studios – Okavango Delta for MSFS	29.99
https://store.flightsim.com/product/south-oak-co-emergency-lights-msfs/	South Oak Co – Emergency Lights MSFS	8.99
https://store.flightsim.com/product/south-oak-co-fs-birds-british-isles-for-msfs/	South Oak Co – FS Birds British Isles for MSFS	8.99
https://store.flightsim.com/product/south-oak-co-fs-birds-canada-east-for-msfs/	South Oak Co – FS Birds Canada East for MSFS	8.99
https://store.flightsim.com/product/south-oak-co-fs-birds-canada-west-for-msfs/	South Oak Co – FS Birds Canada West for MSFS	8.99
https://store.flightsim.com/product/south-oak-co-fs-birds-central-usa-for-msfs/	South Oak Co – FS Birds Central USA for MSFS	9.99
https://store.flightsim.com/product/south-oak-co-fs-birds-europe-central-for-msfs/	South Oak Co – FS Birds Europe Central for MSFS	7.99
https://store.flightsim.com/product/south-oak-co-fs-birds-europe-east-for-msfs/	South Oak Co – FS Birds Europe East for MSFS	7.99
https://store.flightsim.com/product/south-oak-co-fs-birds-europe-north-for-msfs/	South Oak Co – FS Birds Europe North for MSFS	7.99
https://store.flightsim.com/product/south-oak-co-fs-birds-europe-south-msfs/	South Oak Co – FS Birds Europe South MSFS	7.99
https://store.flightsim.com/product/south-oak-co-fs-birds-europe-west-for-msfs/	South Oak Co – FS Birds Europe West for MSFS	7.99
https://store.flightsim.com/product/south-oak-co-fs-birds-midwest-usa-for-msfs/	South Oak Co – FS Birds Midwest USA for MSFS	9.99
https://store.flightsim.com/product/south-oak-co-fs-birds-northeast-usa-for-msfs/	South Oak Co – FS Birds Northeast USA for MSFS	9.99
https://store.flightsim.com/product/south-oak-co-fs-birds-southeast-usa-for-msfs/	South Oak Co – FS Birds Southeast USA for MSFS	9.99
https://store.flightsim.com/product/south-oak-co-fs-birds-west-usa-for-msfs/	South Oak Co – FS Birds West USA for MSFS	9.99
https://store.flightsim.com/product/south-oak-co-traffic-in-sight-ne-usa-msfs/	South Oak Co – Traffic in Sight – NE USA MSFS	7.29
https://store.flightsim.com/product/south-oak-co-traffic-in-sight-se-usa-msfs/	South Oak Co – Traffic in Sight – SE USA MSFS	7.29
https://store.flightsim.com/product/south-oak-co-traffic-in-sight-central-usa-msfs/	South Oak Co – Traffic In Sight Central USA MSFS	7.29
https://store.flightsim.com/product/south-oak-co-traffic-in-sight-midwest-usa-msfs/	South Oak Co – Traffic In Sight Midwest USA MSFS	7.29
https://store.flightsim.com/product/south-oak-co-dillingham-hawaii-for-msfs/	South Oak Co – Dillingham Hawaii for MSFS	13.99
https://store.flightsim.com/product/south-oak-co-hana-hawaii-for-msfs/	South Oak Co – Hana Hawaii for MSFS	6.99
https://store.flightsim.com/product/south-oak-co-lanai-hawaii-for-msfs/	South Oak Co – Lanai Hawaii for MSFS	11.99
https://store.flightsim.com/product/south-oak-co-phlu-kalaupapa-hawaii-for-msfs/	South Oak Co – PHLU – Kalaupapa Hawaii for MSFS	11.99
https://store.flightsim.com/product/south-oak-co-port-allen-hawaii-for-msfs/	South Oak Co – Port Allen, Hawaii for MSFS	10.99
https://store.flightsim.com/product/southcalsceneries-landmarks-longbeach-scs-for-msfs/	SouthcalSceneries – Landmarks Long Beach for MSFS	14.00
https://store.flightsim.com/product/spinoza-castle-of-maintenon-msfs/	Spinoza – Castle of Maintenon MSFS	14.90
https://store.flightsim.com/product/spinoza-chateau-du-plessis-bourre-msfs/	Spinoza – Chateau du Plessis-Bourre MSFS	13.50
https://store.flightsim.com/product/spinoza-french-lighthouses-vol-1-msfs/	Spinoza – French Lighthouses Vol. 1 MSFS	13.50
https://store.flightsim.com/product/spinoza-french-lighthouses-vol-2-msfs/	Spinoza – French Lighthouses Vol. 2 MSFS	14.50
https://store.flightsim.com/product/spinoza-lausanne-university-hospital-msfs/	Spinoza – Lausanne University Hospital MSFS	8.30
https://store.flightsim.com/product/spinoza-lfai-nangis-les-loges-msfs/	Spinoza – LFAI Nangis Les Loges MSFS	12.50
https://store.flightsim.com/product/spinoza-lsgl-lausanne-airport-msfs/	Spinoza – LSGL – Lausanne Airport MSFS	16.00
https://store.flightsim.com/product/spinoza-palace-of-vaux-le-vicomte-msfs/	Spinoza – Palace of Vaux-le-Vicomte MSFS	9.35
https://store.flightsim.com/product/spinoza-rega-and-swiss-huts-vol-1-msfs/	Spinoza – REGA and Swiss Huts Vol. 1 MSFS	14.50
https://store.flightsim.com/product/spinoza-us-lighthouses-vol-1-msfs/	Spinoza – US Lighthouses Vol. 1 MSFS	16.90
https://store.flightsim.com/product/st-simulations-ljbo-bovec-airport-msfs/	ST Simulations – LJBO Bovec Airport MSFS	9.99
https://store.flightsim.com/product/st-simulations-lsts-st-stephan-airport-msfs/	ST Simulations – LSTS St. Stephan Airport MSFS	10.50
https://store.flightsim.com/product/taburet-afghanistan-pakistan-roads-for-msfs-2020/	Taburet – Afghanistan Pakistan Roads For MSFS 2020	9.99
https://store.flightsim.com/product/taburet-australia-new-zealand-birds-msfs/	Taburet – Australia New Zealand Birds MSFS	10.49
https://store.flightsim.com/product/taburet-australia-roads-for-msfs-2020/	Taburet – Australia Roads For MSFS 2020	10.99
https://store.flightsim.com/product/taburet-brasil-roads-for-msfs-2020/	Taburet – Brasil Roads For MSFS 2020	9.99
https://store.flightsim.com/product/taburet-canada-birds-msfs/	Taburet – Canada Birds MSFS	9.99
https://store.flightsim.com/product/taburet-cape-verde-mauritania-senegal-roads-for-msfs-2020/	Taburet – Cape Verde Mauritania Senegal Roads For MSFS 2020	9.99
https://store.flightsim.com/product/taburet-czech-slovakia-poland-roads-for-msfs-2020/	Taburet – Czech/Slovakia/Poland Roads For MSFS 2020	10.49
https://store.flightsim.com/product/taburet-denmark-belgium-netherlands-roads-for-msfs-2020/	Taburet – Denmark Belgium Netherlands Roads For MSFS 2020	10.99
https://store.flightsim.com/product/taburet-europe-birds-msfs/	Taburet – Europe Birds MSFS	7.99
https://store.flightsim.com/product/taburet-europe-uk-western-russia-railways-trees-clearing-for-msfs-2020/	Taburet – Europe/UK/Western Russia Railways Trees Clearing For MSFS 2020	10.49
https://store.flightsim.com/product/taburet-france-power-lines-for-msfs-2020/	Taburet – France Power Lines For MSFS 2020	10.99
https://store.flightsim.com/product/taburet-general-aviation-central-america-caribbean-south-america-msfs/	Taburet – General Aviation Central America Caribbean South America MSFS	10.99
https://store.flightsim.com/product/taburet-greece-turkey-roads-for-msfs-2020/	Taburet – Greece/Turkey Roads For MSFS 2020	9.99
https://store.flightsim.com/product/taburet-iran-iraq-israel-palestine-roads-for-msfs-2020/	Taburet – Iran / Iraq / Israel / Palestine Roads For MSFS 2020	8.99
https://store.flightsim.com/product/taburet-italy-lines-for-msfs-2020/	Taburet – Italy Power Lines For MSFS 2020	10.49
https://store.flightsim.com/product/taburet-japan-power-lines-for-msfs-2020/	Taburet – Japan Power Lines For MSFS 2020	10.99
https://store.flightsim.com/product/taburet-korea-roads-for-msfs-2020/	Taburet – Korea Roads For MSFS 2020	10.49
https://store.flightsim.com/product/taburet-msfs-free-flight-traffic-global/	Taburet – MSFS Free Flight Traffic Global	9.99
https://store.flightsim.com/product/taburet-new-zealand-roads-for-msfs-2020/	Taburet – New Zealand Roads For MSFS 2020	9.99
https://store.flightsim.com/product/taburet-night3d-brazil-msfs/	Taburet – Night3D Brazil MSFS	10.49
https://store.flightsim.com/product/taburet-night3d-british-isles-msfs/	Taburet – Night3D British Isles MSFS	9.99
https://store.flightsim.com/product/taburet-night3d-france-msfs/	Taburet – Night3D France MSFS	7.99
https://store.flightsim.com/product/taburet-night3d-hawaii-msfs/	Taburet – Night3D Hawaii MSFS	5.99
https://store.flightsim.com/product/taburet-night3d-italy-msfs/	Taburet – Night3D Italy MSFS	10.99
https://store.flightsim.com/product/taburet-night3d-japan-msfs/	Taburet – Night3D Japan MSFS	9.99
https://store.flightsim.com/product/taburet-night3d-usa-midwest-msfs/	Taburet – Night3D USA Midwest MSFS	9.99
https://store.flightsim.com/product/taburet-night3d-usa-north-east-msfs/	Taburet – Night3D USA North East MSFS	10.49
https://store.flightsim.com/product/taburet-night3d-usa-northeast-msfs/	Taburet – Night3D USA Northeast MSFS	10.99
https://store.flightsim.com/product/taburet-night3d-usa-pacific-msfs-2/	Taburet – Night3D USA Pacific MSFS	6.99
https://store.flightsim.com/product/taburet-night3d-usa-west-msfs/	Taburet – Night3D USA West MSFS	9.99
https://store.flightsim.com/product/taburet-north-america-railways-trees-clearing-for-msfs-2020/	Taburet – North America Railways Trees Clearing For MSFS 2020	10.49
https://store.flightsim.com/product/taburet-northeast-usa-trees-clearing-for-msfs-2020/	Taburet – Northeast USA Trees Clearing For MSFS 2020	10.49
https://store.flightsim.com/product/taburet-reunion-mayotte-5m-mesh-msfs/	Taburet – Reunion Mayotte 5M Mesh MSFS	6.99
https://store.flightsim.com/product/taburet-russia-roads-for-msfs-2020/	Taburet – Russia Roads For MSFS 2020	10.49
https://store.flightsim.com/product/taburet-spain-portugal-coastlines-trees-clearing-for-msfs-2020/	Taburet – Spain / Portugal Coastlines Trees Clearing For MSFS 2020	9.99
https://store.flightsim.com/product/taburet-sweden-norway-roads-for-msfs-2020/	Taburet – Sweden Norway Roads For MSFS 2020	11.99
https://store.flightsim.com/product/taburet-uk-trees-for-msfs-2020/	Taburet – UK Trees For MSFS 2020	11.49
https://store.flightsim.com/product/taburet-usa-birds-msfs/	Taburet – USA Birds MSFS	14.99
https://store.flightsim.com/product/taburet-usa-coastlines-trees-clearing-for-msfs-2020/	Taburet – USA Coastlines Trees Clearing For MSFS 2020	10.49
https://store.flightsim.com/product/taburet-usa-west-trees-clearing-for-msfs-2020/	Taburet – USA West Trees Clearing For MSFS 2020	10.49
https://store.flightsim.com/product/taburet-washington-oregon-power-lines-for-msfs-2020/	Taburet – Washington/Oregon Power Lines For MSFS 2020	10.49
https://store.flightsim.com/product/taburet-alaska-south-east-10m-dem-for-msfs/	Taburet – Alaska South East 10m DEM for MSFS	11.99
https://store.flightsim.com/product/taburet-atlanta-for-msfs/	Taburet – Atlanta for MSFS	12.99
https://store.flightsim.com/product/taburet-australia-vfr-radio-and-tv-masts-for-msfs/	Taburet – Australia VFR Radio and TV Masts for MSFS	10.99
https://store.flightsim.com/product/taburet-austria-10m-dem-for-msfs/	Taburet – Austria 10m DEM for MSFS	9.99
https://store.flightsim.com/product/taburet-austria-waterflow-for-msfs-copy/	Taburet – Austria Waterflow for MSFS	10.99
https://store.flightsim.com/product/taburet-balearic-islands-5m-dem-for-msfs/	Taburet – Balearic Islands 5m DEM for MSFS	6.99
https://store.flightsim.com/product/taburet-baltimore-for-msfs/	Taburet – Baltimore for MSFS	12.99
https://store.flightsim.com/product/taburet-belgium-netherlands-germany-poland-coastlines-trees-clearing-for-msfs-2020/	Taburet – Belgium Netherlands Germany Poland Coastlines Trees Clearing For MSFS 2020	8.99
https://store.flightsim.com/product/taburet-bembridge-airfield-for-msfs/	Taburet – Bembridge Airfield for MSFS	10.99
https://store.flightsim.com/product/taburet-boston-harbor-for-msfs/	Taburet – Boston Harbor for MSFS	13.99
https://store.flightsim.com/product/taburet-canada-coastlines-morphing-effects-fix-for-msfs-2020/	Taburet – Canada Coastlines Morphing Effects Fix For MSFS 2020	9.99
https://store.flightsim.com/product/taburet-canada-greenland-iceland-coastlines-trees-clearing-msfs/	Taburet – Canada Greenland Iceland Coastlines Trees Clearing MSFS	11.99
https://store.flightsim.com/product/taburet-canada-roads-for-msfs-2020/	Taburet – Canada Roads For MSFS 2020	10.99
https://store.flightsim.com/product/taburet-canada-vfr-smokestacks-for-msfs/	Taburet – Canada VFR Smokestacks for MSFS	9.99
https://store.flightsim.com/product/taburet-canary-islands-5m-dem-for-msfs/	Taburet – Canary Islands 5m DEM for MSFS	7.99
https://store.flightsim.com/product/taburet-caribbean-coastlines-trees-clearing-for-msfs-2020/	Taburet – Caribbean Coastlines Trees Clearing For MSFS 2020	9.99
https://store.flightsim.com/product/taburet-central-america-caribbean-roads-for-msfs-2020/	Taburet – Central America/Caribbean Roads For MSFS 2020	10.99
https://store.flightsim.com/product/taburet-charlotte-for-msfs/	Taburet – Charlotte for MSFS	12.99
https://store.flightsim.com/product/taburet-china-roads-for-msfs-2020/	Taburet – China Roads For MSFS 2020	10.99
https://store.flightsim.com/product/taburet-copenhagen-shores-for-msfs/	Taburet – Copenhagen Shores for MSFS	11.99
https://store.flightsim.com/product/taburet-dallas-for-msfs/	Taburet – Dallas for MSFS	12.99
https://store.flightsim.com/product/taburet-denver-for-msfs/	Taburet – Denver for MSFS	12.99
https://store.flightsim.com/product/taburet-derby-airfield-for-msfs/	Taburet – Derby Airfield for MSFS	12.99
https://store.flightsim.com/product/taburet-east-mediterranean-coastlines-trees-clearing-for-msfs-2020/	Taburet – East Mediterranean Coastlines Trees Clearing For MSFS 2020	8.99
https://store.flightsim.com/product/taburet-finland-estonia-latvia-lithuania-coastlines-trees-clearing-for-msfs-2020/	Taburet – Finland Estonia Latvia Lithuania Coastlines Trees Clearing For MSFS 2020	9.99
https://store.flightsim.com/product/taburet-fishburn-airfield-for-msfs/	Taburet – Fishburn Airfield for MSFS	11.49
https://store.flightsim.com/product/taburet-france-coastlines-morphing-effects-fix-for-msfs-2020/	Taburet – France Coastlines Morphing Effects Fix For MSFS 2020	9.99
https://store.flightsim.com/product/taburet-france-roads-for-msfs-2020/	Taburet – France Roads For MSFS 2020	11.99
https://store.flightsim.com/product/taburet-france-trees-clearing-for-msfs-2020/	Taburet – France Trees Clearing For MSFS 2020	9.49
https://store.flightsim.com/product/taburet-france-waterflow-for-msfs/	Taburet – France Waterflow for MSFS	9.99
https://store.flightsim.com/product/taburet-railways-roads-trees-mod-germany/	Taburet – Germany Roads For MSFS 2020	10.99
https://store.flightsim.com/product/taburet-germany-waterflow-for-msfs/	Taburet – Germany Waterflow for MSFS	9.99
https://store.flightsim.com/product/taburet-hawaii-10m-dem/	Taburet – Hawaii 10m DEM	6.99
https://store.flightsim.com/product/taburet-hawaii-waterflow-for-msfs/	Taburet – Hawaii Waterflow for MSFS	9.99
https://store.flightsim.com/product/taburet-himalayan-peaks-mesh-for-msfs-2020/	Taburet – Himalayan Peaks Mesh For MSFS 2020	10.99
https://store.flightsim.com/product/taburet-horco-molle-aeroclub-tucuman-for-msfs/	Taburet – Horco Molle Aeroclub – Tucuman for MSFS	12.99
https://store.flightsim.com/product/taburet-india-roads-for-msfs-2020/	Taburet – India Roads For MSFS 2020	10.99
https://store.flightsim.com/product/taburet-indonesia-png-brunei-solomon-coastlines-trees-clearing-for-msfs-2020/	Taburet – Indonesia PNG Brunei Solomon Coastlines Trees Clearing For MSFS 2020	9.99
https://store.flightsim.com/product/taburet-italy-15m-dem-for-msfs/	Taburet – Italy 15m DEM for MSFS	9.99
https://store.flightsim.com/product/taburet-italy-coastlines-morphing-effects-fix-for-msfs-2020/	Taburet – Italy Coastlines Morphing Effects Fix For MSFS 2020	9.99
https://store.flightsim.com/product/taburet-japan-korea-coastlines-trees-clearing-for-msfs-2020/	Taburet – Japan / Korea Coastlines Trees Clearing For MSFS 2020	8.99
https://store.flightsim.com/product/taburet-japan-coastlines-morphing-effects-fix-for-msfs-2020/	Taburet – Japan Coastlines Morphing Effects Fix For MSFS 2020	9.99
https://store.flightsim.com/product/taburet-japan-roads-for-msfs-2020/	Taburet – Japan Roads For MSFS 2020	10.99
https://store.flightsim.com/product/taburet-johannesburg-msfs/	Taburet – Johannesburg MSFS	10.49
https://store.flightsim.com/product/taburet-lauriston-airport-for-msfs/	Taburet – Lauriston Airport for MSFS	12.99
https://store.flightsim.com/product/taburet-los-angeles-for-msfs/	Taburet – Los Angeles for MSFS	12.99
https://store.flightsim.com/product/taburet-louisiana-waterflow-for-msfs/	Taburet – Louisiana Waterflow for MSFS	10.99
https://store.flightsim.com/product/taburet-lydd-airport-for-msfs/	Taburet – Lydd Airport for MSFS	13.99
https://store.flightsim.com/product/taburet-nepal-cellular-towers-for-msfs/	Taburet – Nepal Cellular Towers for MSFS	8.49
https://store.flightsim.com/product/taburet-new-zealand-coastlines-morphing-effects-fix-for-msfs-2020/	Taburet – New Zealand Coastlines Morphing Effects Fix For MSFS 2020	9.49
https://store.flightsim.com/product/taburet-new-zealand-vfr-cellular-towers-for-msfs/	Taburet – New Zealand VFR – Cellular Towers for MSFS	9.99
https://store.flightsim.com/product/taburet-new-zealand-water-bodies-for-msfs-2020/	Taburet – New Zealand Water Bodies For MSFS 2020	9.99
https://store.flightsim.com/product/taburet-night3d-australia-for-msfs/	Taburet – Night3D Australia V2 for MSFS	13.99
https://store.flightsim.com/product/taburet-night3d-germany-for-msfs/	Taburet – Night3D Germany for MSFS	12.99
https://store.flightsim.com/product/taburet-night3d-new-zealand-for-msfs/	Taburet – Night3D New Zealand for MSFS	11.99
https://store.flightsim.com/product/taburet-night3d-austria-for-msfs/	Taburet – Night3D V2 Austria for MSFS	12.99
https://store.flightsim.com/product/taburet-night3d-v2-british-columbia-for-msfs/	Taburet – Night3D V2 British Columbia for MSFS	11.99
https://store.flightsim.com/product/taburet-night3d-v2-california-for-msfs/	Taburet – Night3D V2 California for MSFS	12.99
https://store.flightsim.com/product/taburet-night3d-denmark-and-norway-for-msfs/	Taburet – Night3D V2 Denmark and Norway for MSFS	9.99
https://store.flightsim.com/product/taburet-night3d-v2-switzerland-for-msfs/	Taburet – Night3D V2 Switzerland for MSFS	9.99
https://store.flightsim.com/product/taburet-night3d-v2-united-kingdom-for-msfs/	Taburet – Night3D V2 United Kingdom for MSFS	11.99
https://store.flightsim.com/product/taburet-norway-coastlines-morphing-effects-fix-for-msfs-2020/	Taburet – Norway Coastlines Morphing Effects Fix For MSFS 2020	9.99
https://store.flightsim.com/product/taburet-norway-waterflow-for-msfs/	Taburet – Norway Waterflow for MSFS	9.99
https://store.flightsim.com/product/taburet-portsmouth-harbour-for-msfs/	Taburet – Portsmouth Harbour for MSFS	10.99
https://store.flightsim.com/product/taburet-railways-roads-trees-mod-italy/	Taburet – Railways/Roads Trees Mod – Italy	11.49
https://store.flightsim.com/product/taburet-ranger-creek-airport-for-msfs/	Taburet – Ranger Creek Airport for MSFS	10.99
https://store.flightsim.com/product/taburet-railways-roads-trees-mod-austria-switzerland/	Taburet – Roads Trees Mod – Austria/Switzerland	10.99
https://store.flightsim.com/product/taburet-san-francisco-for-msfs/	Taburet – San Francisco for MSFS	14.99
https://store.flightsim.com/product/taburet-scotland-15m-dem-for-msfs/	Taburet – Scotland DEM 10 M for MSFS	11.99
https://store.flightsim.com/product/taburet-shoreham-and-adur-for-msfs/	Taburet – Shoreham and Adur for MSFS	14.99
https://store.flightsim.com/product/taburet-singapore-malaysia-10m-dem-for-msfs/	Taburet – Singapore Malaysia 10m DEM for MSFS	11.99
